{
    "variants": {
        "normal": [
		{ "model": "ores/coal/coal_ore" },
		{ "model": "ores/coal/coal_ore1" },
		{ "model": "ores/coal/coal_ore2" },
		{ "model": "ores/coal/coal_ore3" },
		{ "model": "ores/coal/coal_ore4" },
		{ "model": "ores/coal/coal_ore5" },
		{ "model": "ores/coal/coal_ore6" },
		{ "model": "ores/coal/coal_ore7" },
		{ "model": "ores/coal/coal_ore8" },
		{ "model": "ores/coal/coal_ore9" },
		{ "model": "ores/coal/coal_ore10" },
		{ "model": "ores/coal/coal_ore11" },
		{ "model": "ores/coal/coal_ore12" },
		{ "model": "ores/coal/coal_ore13" },
		{ "model": "ores/coal/coal_ore14" },
		{ "model": "ores/coal/coal_ore15" }
		]
    }
}
