{
    "variants": {
        "normal": [
		{ "model": "ores/diamond/diamond_ore" },
		{ "model": "ores/diamond/diamond_ore1" },
		{ "model": "ores/diamond/diamond_ore2" },
		{ "model": "ores/diamond/diamond_ore3" },
		{ "model": "ores/diamond/diamond_ore4" },
		{ "model": "ores/diamond/diamond_ore5" },
		{ "model": "ores/diamond/diamond_ore6" },
		{ "model": "ores/diamond/diamond_ore7" },
		{ "model": "ores/diamond/diamond_ore8" },
		{ "model": "ores/diamond/diamond_ore9" },
		{ "model": "ores/diamond/diamond_ore10" },
		{ "model": "ores/diamond/diamond_ore11" },
		{ "model": "ores/diamond/diamond_ore12" },
		{ "model": "ores/diamond/diamond_ore13" },
		{ "model": "ores/diamond/diamond_ore14" },
		{ "model": "ores/diamond/diamond_ore15" }
		]
    }
}