{
    "variants": {
		"normal": [
		{ "model": "ores/emerald/emerald_ore" },
		{ "model": "ores/emerald/emerald_ore1" },
		{ "model": "ores/emerald/emerald_ore2" },
		{ "model": "ores/emerald/emerald_ore3" },
		{ "model": "ores/emerald/emerald_ore4" },
		{ "model": "ores/emerald/emerald_ore5" },
		{ "model": "ores/emerald/emerald_ore6" },
		{ "model": "ores/emerald/emerald_ore7" },
		{ "model": "ores/emerald/emerald_ore8" },
		{ "model": "ores/emerald/emerald_ore9" },
		{ "model": "ores/emerald/emerald_ore10" },
		{ "model": "ores/emerald/emerald_ore11" },
		{ "model": "ores/emerald/emerald_ore12" },
		{ "model": "ores/emerald/emerald_ore13" },
		{ "model": "ores/emerald/emerald_ore14" },
		{ "model": "ores/emerald/emerald_ore15" }
		]
    }
}
