{
    "variants": {
        "normal": [
		{ "model": "ores/iron/iron_ore" },
		{ "model": "ores/iron/iron_ore1" },
		{ "model": "ores/iron/iron_ore2" },
		{ "model": "ores/iron/iron_ore3" },
		{ "model": "ores/iron/iron_ore4" },
		{ "model": "ores/iron/iron_ore5" },
		{ "model": "ores/iron/iron_ore6" },
		{ "model": "ores/iron/iron_ore7" },
		{ "model": "ores/iron/iron_ore8" },
		{ "model": "ores/iron/iron_ore9" },
		{ "model": "ores/iron/iron_ore10" },
		{ "model": "ores/iron/iron_ore11" },
		{ "model": "ores/iron/iron_ore12" },
		{ "model": "ores/iron/iron_ore13" },
		{ "model": "ores/iron/iron_ore14" },
		{ "model": "ores/iron/iron_ore15" }
		]
    }
}