{
    "variants": {
        "normal": [
			{ "model": "ground/sand/sand" },
            { "model": "ground/sand/0" },
			{ "model": "ground/sand/1" },
			{ "model": "ground/sand/2" },
			{ "model": "ground/sand/3" },
			{ "model": "ground/sand/4" },
			{ "model": "ground/sand/5" },
			{ "model": "ground/sand/6" },
			{ "model": "ground/sand/7" },
			{ "model": "ground/sand/8" },
			{ "model": "ground/sand/9" },
			{ "model": "ground/sand/10" },
			{ "model": "ground/sand/11" },
			{ "model": "ground/sand/12" },
			{ "model": "ground/sand/13" },
			{ "model": "ground/sand/14" },
			{ "model": "ground/sand/15" }
        ]
    }
}
