{
    "__comment": "Model generated using MrCrayfish's Model Creator (http://mrcrayfish.com/modelcreator/)",
    "textures": {
		"particle": "blocks/crops/leafs_top",
        "0": "#stalk",
        "1": "#leafs_top",
        "2": "#leafs_bottom",
        "3": "#under_leafs"
    },
    "elements": [
        {
            "name": "stalk",
            "from": [ 7.0, -1.0, 6.0 ], 
            "to": [ 7.0, 10.0, 10.0 ], 
            "rotation": { "origin": [ 8.0, 8.0, 8.0 ], "axis": "y", "angle": 45.0 },
            "faces": {
                "east": { "texture": "#0", "uv": [ 6.0, 0.0, 10.0, 11.0 ] },
                "west": { "texture": "#0", "uv": [ 6.0, 0.0, 10.0, 11.0 ] }
            }
        },
        {
            "name": "stalk",
            "from": [ 9.0, -1.0, 6.0 ], 
            "to": [ 9.0, 10.0, 10.0 ], 
            "rotation": { "origin": [ 8.0, 8.0, 8.0 ], "axis": "y", "angle": 45.0 },
            "faces": {
                "east": { "texture": "#0", "uv": [ 6.0, 0.0, 10.0, 11.0 ] },
                "west": { "texture": "#0", "uv": [ 6.0, 0.0, 10.0, 11.0 ] }
            }
        },
        {
            "name": "stalk",
            "from": [ 6.0, -1.0, 7.0 ], 
            "to": [ 10.0, 9.0, 7.0 ], 
            "rotation": { "origin": [ 8.0, 8.0, 8.0 ], "axis": "y", "angle": 45.0 },
            "faces": {
                "north": { "texture": "#0", "uv": [ 6.0, 0.0, 10.0, 10.0 ] },
                "south": { "texture": "#0", "uv": [ 6.0, 0.0, 10.0, 10.0 ] }
            }
        },
        {
            "name": "stalk",
            "from": [ 6.0, -1.0, 9.0 ], 
            "to": [ 10.0, 9.0, 9.0 ], 
            "rotation": { "origin": [ 8.0, 8.0, 8.0 ], "axis": "y", "angle": 45.0 },
            "faces": {
                "north": { "texture": "#0", "uv": [ 6.0, 0.0, 10.0, 10.0 ] },
                "south": { "texture": "#0", "uv": [ 6.0, 0.0, 10.0, 10.0 ] }
            }
        },
        {
            "name": "Leaf1",
            "from": [ 8.0, 10.0, 7.0 ], 
            "to": [ 16.0, 10.0, 15.0 ], 
            "rotation": { "origin": [ 8.0, 10.0, 8.0 ], "axis": "z", "angle": -22.5 },
            "faces": {
                "north": { "texture": "#-1", "uv": [ 0.0, 0.0, 8.0, 0.0 ] },
                "east": { "texture": "#-1", "uv": [ 0.0, 0.0, 8.0, 0.0 ] },
                "south": { "texture": "#-1", "uv": [ 0.0, 0.0, 8.0, 0.0 ] },
                "west": { "texture": "#-1", "uv": [ 0.0, 0.0, 8.0, 0.0 ] },
                "up": { "texture": "#1", "uv": [ 8.0, 8.0, 16.0, 16.0 ] },
                "down": { "texture": "#2", "uv": [ 8.0, 8.0, 16.0, 16.0 ], "rotation": 180 }
            }
        },
        {
            "name": "Leaf2",
            "from": [ 1.0, 9.0, 8.0 ], 
            "to": [ 9.0, 9.0, 16.0 ], 
            "rotation": { "origin": [ 8.0, 9.0, 8.0 ], "axis": "x", "angle": 22.5 },
            "faces": {
                "north": { "texture": "#-1", "uv": [ 0.0, 0.0, 8.0, 0.0 ] },
                "east": { "texture": "#-1", "uv": [ 0.0, 0.0, 8.0, 0.0 ] },
                "south": { "texture": "#-1", "uv": [ 0.0, 0.0, 8.0, 0.0 ] },
                "west": { "texture": "#-1", "uv": [ 0.0, 0.0, 8.0, 0.0 ] },
                "up": { "texture": "#1", "uv": [ 0.0, 8.0, 8.0, 16.0 ] },
                "down": { "texture": "#2", "uv": [ 0.0, 8.0, 8.0, 16.0 ], "rotation": 180 }
            }
        },
        {
            "name": "Leaf3",
            "from": [ 0.0, 10.0, 1.0 ], 
            "to": [ 8.0, 10.0, 9.0 ], 
            "rotation": { "origin": [ 8.0, 10.0, 8.0 ], "axis": "z", "angle": 22.5 },
            "faces": {
                "north": { "texture": "#-1", "uv": [ 0.0, 0.0, 8.0, 0.0 ] },
                "east": { "texture": "#-1", "uv": [ 0.0, 0.0, 8.0, 0.0 ] },
                "south": { "texture": "#-1", "uv": [ 0.0, 0.0, 8.0, 0.0 ] },
                "west": { "texture": "#-1", "uv": [ 0.0, 0.0, 8.0, 0.0 ] },
                "up": { "texture": "#1", "uv": [ 0.0, 0.0, 8.0, 8.0 ] },
                "down": { "texture": "#2", "uv": [ 0.0, 0.0, 8.0, 8.0 ], "rotation": 180 }
            }
        },
        {
            "name": "Leaf4",
            "from": [ 7.0, 9.0, 0.0 ], 
            "to": [ 15.0, 9.0, 8.0 ], 
            "rotation": { "origin": [ 8.0, 9.0, 8.0 ], "axis": "x", "angle": -22.5 },
            "faces": {
                "north": { "texture": "#-1", "uv": [ 0.0, 0.0, 8.0, 0.0 ] },
                "east": { "texture": "#-1", "uv": [ 0.0, 0.0, 8.0, 0.0 ] },
                "south": { "texture": "#-1", "uv": [ 0.0, 0.0, 8.0, 0.0 ] },
                "west": { "texture": "#-1", "uv": [ 0.0, 0.0, 8.0, 0.0 ] },
                "up": { "texture": "#1", "uv": [ 8.0, 0.0, 16.0, 8.0 ] },
                "down": { "texture": "#2", "uv": [ 8.0, 0.0, 16.0, 8.0 ], "rotation": 180 }
            }
        },
        {
            "name": "tinyLeaf1",
            "from": [ 8.0, 5.0, 8.0 ], 
            "to": [ 13.0, 5.0, 13.0 ], 
            "rotation": { "origin": [ 8.0, 5.0, 8.0 ], "axis": "z", "angle": -22.5 },
            "faces": {
                "north": { "texture": "#-1", "uv": [ 0.0, 0.0, 5.0, 0.0 ] },
                "east": { "texture": "#-1", "uv": [ 0.0, 0.0, 5.0, 0.0 ] },
                "south": { "texture": "#-1", "uv": [ 0.0, 0.0, 5.0, 0.0 ] },
                "west": { "texture": "#-1", "uv": [ 0.0, 0.0, 5.0, 0.0 ] },
                "up": { "texture": "#3", "uv": [ 11.0, 11.0, 16.0, 16.0 ] },
                "down": { "texture": "#2", "uv": [ 8.0, 8.0, 13.0, 13.0 ], "rotation": 90 }
            }
        },
        {
            "name": "tinyLeaf2",
            "from": [ 3.0, 4.0, 8.0 ], 
            "to": [ 8.0, 4.0, 13.0 ], 
            "rotation": { "origin": [ 8.0, 4.0, 8.0 ], "axis": "z", "angle": 22.5 },
            "faces": {
                "north": { "texture": "#-1", "uv": [ 0.0, 0.0, 5.0, 0.0 ] },
                "east": { "texture": "#-1", "uv": [ 0.0, 0.0, 5.0, 0.0 ] },
                "south": { "texture": "#-1", "uv": [ 0.0, 0.0, 5.0, 0.0 ] },
                "west": { "texture": "#-1", "uv": [ 0.0, 0.0, 5.0, 0.0 ] },
                "up": { "texture": "#3", "uv": [ 0.0, 11.0, 5.0, 16.0 ] },
                "down": { "texture": "#2", "uv": [ 3.0, 8.0, 8.0, 13.0 ], "rotation": 270 }
            }
        },
        {
            "name": "tinyLeaf3",
            "from": [ 3.0, 5.0, 3.0 ], 
            "to": [ 8.0, 5.0, 8.0 ], 
            "rotation": { "origin": [ 8.0, 5.0, 8.0 ], "axis": "z", "angle": 22.5 },
            "faces": {
                "north": { "texture": "#-1", "uv": [ 0.0, 0.0, 5.0, 0.0 ] },
                "east": { "texture": "#-1", "uv": [ 0.0, 0.0, 5.0, 0.0 ] },
                "south": { "texture": "#-1", "uv": [ 0.0, 0.0, 5.0, 0.0 ] },
                "west": { "texture": "#-1", "uv": [ 0.0, 0.0, 5.0, 0.0 ] },
                "up": { "texture": "#3", "uv": [ 0.0, 0.0, 5.0, 5.0 ] },
                "down": { "texture": "#2", "uv": [ 3.0, 3.0, 8.0, 8.0 ], "rotation": 90 }
            }
        },
        {
            "name": "tinyLeaf4",
            "from": [ 8.0, 4.0, 3.0 ], 
            "to": [ 13.0, 4.0, 8.0 ], 
            "rotation": { "origin": [ 8.0, 4.0, 8.0 ], "axis": "z", "angle": -22.5 },
            "faces": {
                "north": { "texture": "#-1", "uv": [ 0.0, 0.0, 5.0, 0.0 ] },
                "east": { "texture": "#-1", "uv": [ 0.0, 0.0, 5.0, 0.0 ] },
                "south": { "texture": "#-1", "uv": [ 0.0, 0.0, 5.0, 0.0 ] },
                "west": { "texture": "#-1", "uv": [ 0.0, 0.0, 5.0, 0.0 ] },
                "up": { "texture": "#3", "uv": [ 11.0, 0.0, 16.0, 5.0 ] },
                "down": { "texture": "#2", "uv": [ 8.0, 3.0, 13.0, 8.0 ], "rotation": 270 }
            }
        }
    ]
}