{
    "__comment": "Model generated using MrCrayfish's Model Creator (http://mrcrayfish.com/modelcreator/)",
    "textures": {
		"particle": "blocks/crops/under_leafs",
        "0": "blocks/crops/stalk_potato",
        "1": "blocks/crops/leafs_top",
        "2": "blocks/crops/leafs_bottom",
        "3": "blocks/crops/under_leafs"
    },
    "elements": [
        {
            "name": "stalk",
            "from": [ 7.0, -1.0, 6.0 ], 
            "to": [ 7.0, 4.6999999806284904, 10.0 ], 
            "rotation": { "origin": [ 8.0, 8.0, 8.0 ], "axis": "y", "angle": 45.0 },
            "faces": {
                "east": { "texture": "#0", "uv": [ 6.0, 0.0, 10.0, 10.0 ] },
                "west": { "texture": "#0", "uv": [ 6.0, 0.0, 10.0, 10.0 ] }
            }
        },
        {
            "name": "stalk",
            "from": [ 9.0, -1.0, 6.0 ], 
            "to": [ 9.0, 4.500000007450581, 10.0 ], 
            "rotation": { "origin": [ 8.0, 8.0, 8.0 ], "axis": "y", "angle": 45.0 },
            "faces": {
                "east": { "texture": "#0", "uv": [ 6.0, 0.0, 10.0, 10.0 ] },
                "west": { "texture": "#0", "uv": [ 6.0, 0.0, 10.0, 10.0 ] }
            }
        },
        {
            "name": "stalk",
            "from": [ 6.0, -1.0, 7.0 ], 
            "to": [ 10.0, 4.100000001490116, 7.0 ], 
            "rotation": { "origin": [ 8.0, 8.0, 8.0 ], "axis": "y", "angle": 45.0 },
            "faces": {
                "north": { "texture": "#0", "uv": [ 6.0, 0.0, 10.0, 9.0 ] },
                "south": { "texture": "#0", "uv": [ 6.0, 0.0, 10.0, 9.0 ] }
            }
        },
        {
            "name": "stalk",
            "from": [ 6.0, -1.0, 9.0 ], 
            "to": [ 10.0, 4.200000002980232, 9.0 ], 
            "rotation": { "origin": [ 8.0, 8.0, 8.0 ], "axis": "y", "angle": 45.0 },
            "faces": {
                "north": { "texture": "#0", "uv": [ 6.0, 0.0, 10.0, 9.0 ] },
                "south": { "texture": "#0", "uv": [ 6.0, 0.0, 10.0, 8.0 ] }
            }
        },
        {
            "name": "Leaf1",
            "from": [ 8.49999999254942, 4.299999989569187, 8.0 ], 
            "to": [ 13.49999999254942, 4.299999989569187, 13.0 ], 
            "rotation": { "origin": [ 8.0, 6.0, 8.0 ], "axis": "z", "angle": -22.5 },
            "faces": {
                "north": { "texture": "#-1", "uv": [ 0.0, 0.0, 5.0, 0.0 ] },
                "east": { "texture": "#-1", "uv": [ 0.0, 0.0, 5.0, 0.0 ] },
                "south": { "texture": "#-1", "uv": [ 0.0, 0.0, 5.0, 0.0 ] },
                "west": { "texture": "#-1", "uv": [ 0.0, 0.0, 5.0, 0.0 ] },
                "up": { "texture": "#1", "uv": [ 10.0, 10.0, 16.0, 16.0 ] },
                "down": { "texture": "#2", "uv": [ 8.0, 8.0, 13.0, 13.0 ], "rotation": 180 }
            }
        },
        {
            "name": "Leaf2",
            "from": [ 3.4000000059604645, 4.600000008940697, 8.49999999254942 ], 
            "to": [ 8.400000005960464, 4.600000008940697, 13.49999999254942 ], 
            "rotation": { "origin": [ 8.0, 6.0, 8.0 ], "axis": "x", "angle": 22.5 },
            "faces": {
                "north": { "texture": "#-1", "uv": [ 0.0, 0.0, 5.0, 0.0 ] },
                "east": { "texture": "#-1", "uv": [ 0.0, 0.0, 5.0, 0.0 ] },
                "south": { "texture": "#-1", "uv": [ 0.0, 0.0, 5.0, 0.0 ] },
                "west": { "texture": "#-1", "uv": [ 0.0, 0.0, 5.0, 0.0 ] },
                "up": { "texture": "#1", "uv": [ 0.0, 10.0, 5.0, 15.0 ] },
                "down": { "texture": "#2", "uv": [ 0.0, 8.0, 5.0, 13.0 ], "rotation": 180 }
            }
        },
        {
            "name": "Leaf3",
            "from": [ 3.0, 4.299999989569187, 4.0 ], 
            "to": [ 8.0, 4.299999989569187, 8.0 ], 
            "rotation": { "origin": [ 8.0, 5.0, 8.0 ], "axis": "z", "angle": 22.5 },
            "faces": {
                "north": { "texture": "#-1", "uv": [ 0.0, 0.0, 5.0, 0.0 ] },
                "east": { "texture": "#-1", "uv": [ 0.0, 0.0, 4.0, 0.0 ] },
                "south": { "texture": "#-1", "uv": [ 0.0, 0.0, 5.0, 0.0 ] },
                "west": { "texture": "#-1", "uv": [ 0.0, 0.0, 4.0, 0.0 ] },
                "up": { "texture": "#1", "uv": [ 0.0, 1.0, 5.0, 5.0 ] },
                "down": { "texture": "#2", "uv": [ 0.0, 1.0, 5.0, 5.0 ], "rotation": 180 }
            }
        },
        {
            "name": "Leaf4",
            "from": [ 8.0, 4.499999992549419, 3.0 ], 
            "to": [ 13.0, 4.499999992549419, 8.0 ], 
            "rotation": { "origin": [ 8.0, 5.0, 8.0 ], "axis": "x", "angle": -22.5 },
            "faces": {
                "north": { "texture": "#-1", "uv": [ 0.0, 0.0, 5.0, 0.0 ] },
                "east": { "texture": "#-1", "uv": [ 0.0, 0.0, 5.0, 0.0 ] },
                "south": { "texture": "#-1", "uv": [ 0.0, 0.0, 5.0, 0.0 ] },
                "west": { "texture": "#-1", "uv": [ 0.0, 0.0, 5.0, 0.0 ] },
                "up": { "texture": "#1", "uv": [ 8.0, 0.0, 13.0, 5.0 ] },
                "down": { "texture": "#2", "uv": [ 8.0, 0.0, 13.0, 5.0 ], "rotation": 180 }
            }
        },
        {
            "name": "tinyLeaf1",
            "from": [ 9.50000000745058, 1.2000000029802322, 8.300000004470348 ], 
            "to": [ 11.50000000745058, 1.2000000029802322, 10.300000004470348 ], 
            "rotation": { "origin": [ 8.0, 5.0, 8.0 ], "axis": "z", "angle": -22.5 },
            "faces": {
                "north": { "texture": "#-1", "uv": [ 0.0, 0.0, 2.0, 0.0 ] },
                "east": { "texture": "#-1", "uv": [ 0.0, 0.0, 2.0, 0.0 ] },
                "south": { "texture": "#-1", "uv": [ 0.0, 0.0, 2.0, 0.0 ] },
                "west": { "texture": "#-1", "uv": [ 0.0, 0.0, 2.0, 0.0 ] },
                "up": { "texture": "#3", "uv": [ 11.0, 11.0, 13.0, 13.0 ] },
                "down": { "texture": "#2", "uv": [ 8.0, 8.0, 10.0, 10.0 ], "rotation": 90 }
            }
        },
        {
            "name": "tinyLeaf2",
            "from": [ 5.5999999940395355, 0.29999997466802597, 8.200000002980232 ], 
            "to": [ 7.5999999940395355, 0.29999997466802597, 10.200000002980232 ], 
            "faces": {
                "north": { "texture": "#-1", "uv": [ 0.0, 0.0, 2.0, 0.0 ] },
                "east": { "texture": "#-1", "uv": [ 0.0, 0.0, 2.0, 0.0 ] },
                "south": { "texture": "#-1", "uv": [ 0.0, 0.0, 2.0, 0.0 ] },
                "west": { "texture": "#-1", "uv": [ 0.0, 0.0, 2.0, 0.0 ] },
                "up": { "texture": "#3", "uv": [ 0.0, 11.0, 2.0, 13.0 ] },
                "down": { "texture": "#2", "uv": [ 3.0, 8.0, 5.0, 10.0 ], "rotation": 270 }
            }
        },
        {
            "name": "tinyLeaf3",
            "from": [ 4.099999986588955, 0.8999999985098839, 5.0 ], 
            "to": [ 6.099999986588955, 0.8999999985098839, 8.0 ], 
            "rotation": { "origin": [ 8.0, 4.0, 8.0 ], "axis": "z", "angle": 22.5 },
            "faces": {
                "north": { "texture": "#-1", "uv": [ 0.0, 0.0, 2.0, 0.0 ] },
                "east": { "texture": "#-1", "uv": [ 0.0, 0.0, 3.0, 0.0 ] },
                "south": { "texture": "#-1", "uv": [ 0.0, 0.0, 2.0, 0.0 ] },
                "west": { "texture": "#-1", "uv": [ 0.0, 0.0, 3.0, 0.0 ] },
                "up": { "texture": "#3", "uv": [ 2.0, 1.0, 4.0, 4.0 ] },
                "down": { "texture": "#2", "uv": [ 3.0, 3.0, 5.0, 6.0 ], "rotation": 90 }
            }
        },
        {
            "name": "tinyLeaf4",
            "from": [ 8.800000011920929, 1.3999999910593033, 4.600000008940697 ], 
            "to": [ 11.800000011920929, 1.3999999910593033, 7.600000008940697 ], 
            "rotation": { "origin": [ 8.0, 4.0, 8.0 ], "axis": "z", "angle": -22.5 },
            "faces": {
                "north": { "texture": "#-1", "uv": [ 0.0, 0.0, 3.0, 0.0 ] },
                "east": { "texture": "#-1", "uv": [ 0.0, 0.0, 3.0, 0.0 ] },
                "south": { "texture": "#-1", "uv": [ 0.0, 0.0, 3.0, 0.0 ] },
                "west": { "texture": "#-1", "uv": [ 0.0, 0.0, 3.0, 0.0 ] },
                "up": { "texture": "#3", "uv": [ 11.0, 0.0, 14.0, 3.0 ] },
                "down": { "texture": "#2", "uv": [ 8.0, 3.0, 11.0, 6.0 ], "rotation": 270 }
            }
        }
    ]
}