{
    "__comment": "Model generated using MrCrayfish's Model Creator (http://mrcrayfish.com/modelcreator/)",
    "textures": {
		"particle": "blocks/crops/under_leafs",
        "0": "blocks/crops/stalk_potato",
        "1": "blocks/crops/leafs_top",
        "2": "blocks/crops/leafs_bottom",
        "3": "blocks/crops/under_leafs"
    },
    "elements": [
        {
            "name": "stalk",
            "from": [ 7.500000007450581, -1.0, 6.0 ], 
            "to": [ 7.500000007450581, 3.399999976158142, 10.0 ], 
            "rotation": { "origin": [ 8.0, 8.0, 8.0 ], "axis": "y", "angle": 45.0 },
            "faces": {
                "east": { "texture": "#0", "uv": [ 4.0, 0.0, 12.0, 10.0 ] },
                "west": { "texture": "#0", "uv": [ 4.0, 0.0, 12.0, 10.0 ] }
            }
        },
        {
            "name": "stalk",
            "from": [ 8.49999999254942, -1.0, 6.0 ], 
            "to": [ 8.49999999254942, 2.899999998509884, 10.0 ], 
            "rotation": { "origin": [ 8.0, 8.0, 8.0 ], "axis": "y", "angle": 45.0 },
            "faces": {
                "east": { "texture": "#0", "uv": [ 4.0, 0.0, 12.0, 10.0 ] },
                "west": { "texture": "#0", "uv": [ 4.0, 0.0, 12.0, 10.0 ] }
            }
        },
        {
            "name": "stalk",
            "from": [ 6.0, -1.0, 7.500000007450581 ], 
            "to": [ 10.0, 3.100000001490116, 7.500000007450581 ], 
            "rotation": { "origin": [ 8.0, 8.0, 8.0 ], "axis": "y", "angle": 45.0 },
            "faces": {
                "north": { "texture": "#0", "uv": [ 4.0, 0.0, 12.0, 9.0 ] },
                "south": { "texture": "#0", "uv": [ 4.0, 0.0, 12.0, 9.0 ] }
            }
        },
        {
            "name": "stalk",
            "from": [ 6.0, -1.0, 8.49999999254942 ], 
            "to": [ 10.0, 3.2000000029802322, 8.49999999254942 ], 
            "rotation": { "origin": [ 8.0, 8.0, 8.0 ], "axis": "y", "angle": 45.0 },
            "faces": {
                "north": { "texture": "#0", "uv": [ 4.0, 0.0, 12.0, 9.0 ] },
                "south": { "texture": "#0", "uv": [ 4.0, 0.0, 12.0, 8.0 ] }
            }
        },
        {
            "name": "Leaf1",
            "from": [ 8.49999999254942, 3.299999989569187, 8.0 ], 
            "to": [ 12.49999999254942, 3.299999989569187, 12.0 ], 
            "rotation": { "origin": [ 8.0, 6.0, 8.0 ], "axis": "z", "angle": -22.5 },
            "faces": {
                "north": { "texture": "#-1", "uv": [ 0.0, 0.0, 4.0, 0.0 ] },
                "east": { "texture": "#-1", "uv": [ 0.0, 0.0, 4.0, 0.0 ] },
                "south": { "texture": "#-1", "uv": [ 0.0, 0.0, 4.0, 0.0 ] },
                "west": { "texture": "#-1", "uv": [ 0.0, 0.0, 4.0, 0.0 ] },
                "up": { "texture": "#1", "uv": [ 12.0, 12.0, 16.0, 16.0 ] },
                "down": { "texture": "#2", "uv": [ 8.0, 8.0, 12.0, 12.0 ], "rotation": 180 }
            }
        },
        {
            "name": "Leaf2",
            "from": [ 4.4000000059604645, 3.6000000089406967, 9.100000001490116 ], 
            "to": [ 8.400000005960464, 3.6000000089406967, 13.100000001490116 ], 
            "rotation": { "origin": [ 8.0, 6.0, 8.0 ], "axis": "x", "angle": 22.5 },
            "faces": {
                "north": { "texture": "#-1", "uv": [ 0.0, 0.0, 4.0, 0.0 ] },
                "east": { "texture": "#-1", "uv": [ 0.0, 0.0, 4.0, 0.0 ] },
                "south": { "texture": "#-1", "uv": [ 0.0, 0.0, 4.0, 0.0 ] },
                "west": { "texture": "#-1", "uv": [ 0.0, 0.0, 4.0, 0.0 ] },
                "up": { "texture": "#1", "uv": [ 0.0, 10.0, 4.0, 14.0 ] },
                "down": { "texture": "#2", "uv": [ 0.0, 8.0, 4.0, 12.0 ], "rotation": 180 }
            }
        },
        {
            "name": "Leaf3",
            "from": [ 3.0, 3.299999989569187, 4.0 ], 
            "to": [ 8.0, 3.299999989569187, 8.0 ], 
            "rotation": { "origin": [ 8.0, 5.0, 8.0 ], "axis": "z", "angle": 22.5 },
            "faces": {
                "north": { "texture": "#-1", "uv": [ 0.0, 0.0, 5.0, 0.0 ] },
                "east": { "texture": "#-1", "uv": [ 0.0, 0.0, 4.0, 0.0 ] },
                "south": { "texture": "#-1", "uv": [ 0.0, 0.0, 5.0, 0.0 ] },
                "west": { "texture": "#-1", "uv": [ 0.0, 0.0, 4.0, 0.0 ] },
                "up": { "texture": "#1", "uv": [ 0.0, 1.0, 5.0, 5.0 ] },
                "down": { "texture": "#2", "uv": [ 0.0, 1.0, 5.0, 5.0 ], "rotation": 180 }
            }
        },
        {
            "name": "Leaf4",
            "from": [ 7.5999999940395355, 2.6999999806284904, 4.100000001490116 ], 
            "to": [ 11.599999994039536, 2.6999999806284904, 8.100000001490116 ], 
            "rotation": { "origin": [ 8.0, 5.0, 8.0 ], "axis": "x", "angle": -22.5 },
            "faces": {
                "north": { "texture": "#-1", "uv": [ 0.0, 0.0, 4.0, 0.0 ] },
                "east": { "texture": "#-1", "uv": [ 0.0, 0.0, 4.0, 0.0 ] },
                "south": { "texture": "#-1", "uv": [ 0.0, 0.0, 4.0, 0.0 ] },
                "west": { "texture": "#-1", "uv": [ 0.0, 0.0, 4.0, 0.0 ] },
                "up": { "texture": "#1", "uv": [ 8.0, 0.0, 12.0, 4.0 ] },
                "down": { "texture": "#2", "uv": [ 8.0, 0.0, 12.0, 4.0 ], "rotation": 180 }
            }
        },
        {
            "name": "tinyLeaf1",
            "from": [ 10.000000014901161, 1.2000000029802322, 8.600000008940697 ], 
            "to": [ 11.000000014901161, 1.2000000029802322, 9.600000008940697 ], 
            "rotation": { "origin": [ 8.0, 5.0, 8.0 ], "axis": "z", "angle": -22.5 },
            "faces": {
                "north": { "texture": "#-1", "uv": [ 0.0, 0.0, 1.0, 0.0 ] },
                "east": { "texture": "#-1", "uv": [ 0.0, 0.0, 1.0, 0.0 ] },
                "south": { "texture": "#-1", "uv": [ 0.0, 0.0, 1.0, 0.0 ] },
                "west": { "texture": "#-1", "uv": [ 0.0, 0.0, 1.0, 0.0 ] },
                "up": { "texture": "#3", "uv": [ 11.0, 11.0, 12.0, 12.0 ] },
                "down": { "texture": "#2", "uv": [ 8.0, 8.0, 9.0, 9.0 ], "rotation": 90 }
            }
        },
        {
            "name": "tinyLeaf2",
            "from": [ 6.799999997019768, -0.10000003129243851, 6.799999982118607 ], 
            "to": [ 7.799999997019768, -0.10000003129243851, 8.799999982118607 ], 
            "rotation": { "origin": [ 5.0, 2.0, 8.0 ], "axis": "y", "angle": -22.5 },
            "faces": {
                "north": { "texture": "#-1", "uv": [ 0.0, 0.0, 1.0, 0.0 ] },
                "east": { "texture": "#-1", "uv": [ 0.0, 0.0, 2.0, 0.0 ] },
                "south": { "texture": "#-1", "uv": [ 0.0, 0.0, 1.0, 0.0 ] },
                "west": { "texture": "#-1", "uv": [ 0.0, 0.0, 2.0, 0.0 ] },
                "up": { "texture": "#3", "uv": [ 0.0, 11.0, 1.0, 13.0 ] },
                "down": { "texture": "#2", "uv": [ 3.0, 8.0, 4.0, 10.0 ], "rotation": 270 }
            }
        },
        {
            "name": "tinyLeaf3",
            "from": [ 4.799999982118607, 0.29999998956918716, 6.0 ], 
            "to": [ 5.799999982118607, 0.29999998956918716, 8.0 ], 
            "rotation": { "origin": [ 8.0, 4.0, 8.0 ], "axis": "z", "angle": 22.5 },
            "faces": {
                "north": { "texture": "#-1", "uv": [ 0.0, 0.0, 1.0, 0.0 ] },
                "east": { "texture": "#-1", "uv": [ 0.0, 0.0, 2.0, 0.0 ] },
                "south": { "texture": "#-1", "uv": [ 0.0, 0.0, 1.0, 0.0 ] },
                "west": { "texture": "#-1", "uv": [ 0.0, 0.0, 2.0, 0.0 ] },
                "up": { "texture": "#3", "uv": [ 2.0, 3.0, 3.0, 5.0 ] },
                "down": { "texture": "#2", "uv": [ 3.0, 3.0, 4.0, 5.0 ], "rotation": 90 }
            }
        },
        {
            "name": "tinyLeaf4",
            "from": [ 9.600000008940697, 0.7999999821186066, 5.800000011920929 ], 
            "to": [ 11.600000008940697, 0.7999999821186066, 7.800000011920929 ], 
            "rotation": { "origin": [ 8.0, 4.0, 8.0 ], "axis": "z", "angle": -22.5 },
            "faces": {
                "north": { "texture": "#-1", "uv": [ 0.0, 0.0, 2.0, 0.0 ] },
                "east": { "texture": "#-1", "uv": [ 0.0, 0.0, 2.0, 0.0 ] },
                "south": { "texture": "#-1", "uv": [ 0.0, 0.0, 2.0, 0.0 ] },
                "west": { "texture": "#-1", "uv": [ 0.0, 0.0, 2.0, 0.0 ] },
                "up": { "texture": "#3", "uv": [ 11.0, 1.0, 13.0, 3.0 ] },
                "down": { "texture": "#2", "uv": [ 8.0, 3.0, 10.0, 5.0 ], "rotation": 270 }
            }
        }
    ]
}