{
    "__comment": "Model generated using MrCrayfish's Model Creator (http://mrcrayfish.com/modelcreator/)",
    "textures": {
		"particle": "blocks/crops/under_leafs",
        "0": "blocks/crops/stalk_potato",
        "1": "blocks/crops/leafs_top",
        "2": "blocks/crops/leafs_bottom",
        "3": "blocks/crops/under_leafs"
    },
    "elements": [
        {
            "name": "stalk",
            "from": [ 7.0, -1.0, 6.0 ], 
            "to": [ 7.0, 5.6999999806284904, 10.0 ], 
            "rotation": { "origin": [ 8.0, 8.0, 8.0 ], "axis": "y", "angle": 45.0 },
            "faces": {
                "east": { "texture": "#0", "uv": [ 6.0, 0.0, 10.0, 10.0 ] },
                "west": { "texture": "#0", "uv": [ 6.0, 0.0, 10.0, 10.0 ] }
            }
        },
        {
            "name": "stalk",
            "from": [ 9.0, -1.0, 6.0 ], 
            "to": [ 9.0, 5.500000007450581, 10.0 ], 
            "rotation": { "origin": [ 8.0, 8.0, 8.0 ], "axis": "y", "angle": 45.0 },
            "faces": {
                "east": { "texture": "#0", "uv": [ 6.0, 0.0, 10.0, 10.0 ] },
                "west": { "texture": "#0", "uv": [ 6.0, 0.0, 10.0, 10.0 ] }
            }
        },
        {
            "name": "stalk",
            "from": [ 6.0, -1.0, 7.0 ], 
            "to": [ 10.0, 5.0, 7.0 ], 
            "rotation": { "origin": [ 8.0, 8.0, 8.0 ], "axis": "y", "angle": 45.0 },
            "faces": {
                "north": { "texture": "#0", "uv": [ 6.0, 0.0, 10.0, 9.0 ] },
                "south": { "texture": "#0", "uv": [ 6.0, 0.0, 10.0, 9.0 ] }
            }
        },
        {
            "name": "stalk",
            "from": [ 6.0, -1.0, 9.0 ], 
            "to": [ 10.0, 5.0, 9.0 ], 
            "rotation": { "origin": [ 8.0, 8.0, 8.0 ], "axis": "y", "angle": 45.0 },
            "faces": {
                "north": { "texture": "#0", "uv": [ 6.0, 0.0, 10.0, 9.0 ] },
                "south": { "texture": "#0", "uv": [ 6.0, 0.0, 10.0, 8.0 ] }
            }
        },
        {
            "name": "Leaf1",
            "from": [ 8.0, 5.699999995529652, 7.0 ], 
            "to": [ 14.0, 5.699999995529652, 13.0 ], 
            "rotation": { "origin": [ 8.0, 6.0, 8.0 ], "axis": "z", "angle": -22.5 },
            "faces": {
                "north": { "texture": "#-1", "uv": [ 0.0, 0.0, 6.0, 0.0 ] },
                "east": { "texture": "#-1", "uv": [ 0.0, 0.0, 6.0, 0.0 ] },
                "south": { "texture": "#-1", "uv": [ 0.0, 0.0, 6.0, 0.0 ] },
                "west": { "texture": "#-1", "uv": [ 0.0, 0.0, 6.0, 0.0 ] },
                "up": { "texture": "#1", "uv": [ 8.0, 8.0, 16.0, 16.0 ] },
                "down": { "texture": "#2", "uv": [ 8.0, 8.0, 14.0, 14.0 ], "rotation": 180 }
            }
        },
        {
            "name": "Leaf2",
            "from": [ 2.0, 5.500000007450581, 8.0 ], 
            "to": [ 8.0, 5.500000007450581, 14.0 ], 
            "rotation": { "origin": [ 8.0, 6.0, 8.0 ], "axis": "x", "angle": 22.5 },
            "faces": {
                "north": { "texture": "#-1", "uv": [ 0.0, 0.0, 6.0, 0.0 ] },
                "east": { "texture": "#-1", "uv": [ 0.0, 0.0, 6.0, 0.0 ] },
                "south": { "texture": "#-1", "uv": [ 0.0, 0.0, 6.0, 0.0 ] },
                "west": { "texture": "#-1", "uv": [ 0.0, 0.0, 6.0, 0.0 ] },
                "up": { "texture": "#1", "uv": [ 0.0, 10.0, 6.0, 16.0 ] },
                "down": { "texture": "#2", "uv": [ 0.0, 8.0, 6.0, 14.0 ], "rotation": 180 }
            }
        },
        {
            "name": "Leaf3",
            "from": [ 2.0, 5.0, 3.0 ], 
            "to": [ 8.0, 5.0, 8.0 ], 
            "rotation": { "origin": [ 8.0, 5.0, 8.0 ], "axis": "z", "angle": 22.5 },
            "faces": {
                "north": { "texture": "#-1", "uv": [ 0.0, 0.0, 6.0, 0.0 ] },
                "east": { "texture": "#-1", "uv": [ 0.0, 0.0, 5.0, 0.0 ] },
                "south": { "texture": "#-1", "uv": [ 0.0, 0.0, 6.0, 0.0 ] },
                "west": { "texture": "#-1", "uv": [ 0.0, 0.0, 5.0, 0.0 ] },
                "up": { "texture": "#1", "uv": [ 0.0, 1.0, 6.0, 6.0 ] },
                "down": { "texture": "#2", "uv": [ 0.0, 1.0, 6.0, 6.0 ], "rotation": 180 }
            }
        },
        {
            "name": "Leaf4",
            "from": [ 7.0, 5.0, 1.0 ], 
            "to": [ 14.0, 5.0, 8.0 ], 
            "rotation": { "origin": [ 8.0, 5.0, 8.0 ], "axis": "x", "angle": -22.5 },
            "faces": {
                "north": { "texture": "#-1", "uv": [ 0.0, 0.0, 7.0, 0.0 ] },
                "east": { "texture": "#-1", "uv": [ 0.0, 0.0, 7.0, 0.0 ] },
                "south": { "texture": "#-1", "uv": [ 0.0, 0.0, 7.0, 0.0 ] },
                "west": { "texture": "#-1", "uv": [ 0.0, 0.0, 7.0, 0.0 ] },
                "up": { "texture": "#1", "uv": [ 8.0, 0.0, 15.0, 7.0 ] },
                "down": { "texture": "#2", "uv": [ 8.0, 0.0, 15.0, 7.0 ], "rotation": 180 }
            }
        },
        {
            "name": "tinyLeaf1",
            "from": [ 9.50000000745058, 2.0, 8.300000004470348 ], 
            "to": [ 11.50000000745058, 2.0, 10.300000004470348 ], 
            "rotation": { "origin": [ 8.0, 5.0, 8.0 ], "axis": "z", "angle": -22.5 },
            "faces": {
                "north": { "texture": "#-1", "uv": [ 0.0, 0.0, 2.0, 0.0 ] },
                "east": { "texture": "#-1", "uv": [ 0.0, 0.0, 2.0, 0.0 ] },
                "south": { "texture": "#-1", "uv": [ 0.0, 0.0, 2.0, 0.0 ] },
                "west": { "texture": "#-1", "uv": [ 0.0, 0.0, 2.0, 0.0 ] },
                "up": { "texture": "#3", "uv": [ 11.0, 11.0, 13.0, 13.0 ] },
                "down": { "texture": "#2", "uv": [ 8.0, 8.0, 10.0, 10.0 ], "rotation": 90 }
            }
        },
        {
            "name": "tinyLeaf2",
            "from": [ 3.5999999940395355, 1.2999999895691872, 8.200000002980232 ], 
            "to": [ 6.5999999940395355, 1.2999999895691872, 11.200000002980232 ], 
            "rotation": { "origin": [ 8.0, 4.0, 8.0 ], "axis": "z", "angle": 22.5 },
            "faces": {
                "north": { "texture": "#-1", "uv": [ 0.0, 0.0, 3.0, 0.0 ] },
                "east": { "texture": "#-1", "uv": [ 0.0, 0.0, 3.0, 0.0 ] },
                "south": { "texture": "#-1", "uv": [ 0.0, 0.0, 3.0, 0.0 ] },
                "west": { "texture": "#-1", "uv": [ 0.0, 0.0, 3.0, 0.0 ] },
                "up": { "texture": "#3", "uv": [ 0.0, 11.0, 3.0, 14.0 ] },
                "down": { "texture": "#2", "uv": [ 3.0, 8.0, 6.0, 11.0 ], "rotation": 270 }
            }
        },
        {
            "name": "tinyLeaf3",
            "from": [ 4.0, 1.5000000074505806, 4.0 ], 
            "to": [ 7.0, 1.5000000074505806, 7.0 ], 
            "rotation": { "origin": [ 8.0, 4.0, 8.0 ], "axis": "z", "angle": 22.5 },
            "faces": {
                "north": { "texture": "#-1", "uv": [ 0.0, 0.0, 3.0, 0.0 ] },
                "east": { "texture": "#-1", "uv": [ 0.0, 0.0, 3.0, 0.0 ] },
                "south": { "texture": "#-1", "uv": [ 0.0, 0.0, 3.0, 0.0 ] },
                "west": { "texture": "#-1", "uv": [ 0.0, 0.0, 3.0, 0.0 ] },
                "up": { "texture": "#3", "uv": [ 2.0, 1.0, 5.0, 4.0 ] },
                "down": { "texture": "#2", "uv": [ 3.0, 3.0, 6.0, 6.0 ], "rotation": 90 }
            }
        },
        {
            "name": "tinyLeaf4",
            "from": [ 8.800000011920929, 1.3999999910593033, 4.600000008940697 ], 
            "to": [ 11.800000011920929, 1.3999999910593033, 7.600000008940697 ], 
            "rotation": { "origin": [ 8.0, 4.0, 8.0 ], "axis": "z", "angle": -22.5 },
            "faces": {
                "north": { "texture": "#-1", "uv": [ 0.0, 0.0, 3.0, 0.0 ] },
                "east": { "texture": "#-1", "uv": [ 0.0, 0.0, 3.0, 0.0 ] },
                "south": { "texture": "#-1", "uv": [ 0.0, 0.0, 3.0, 0.0 ] },
                "west": { "texture": "#-1", "uv": [ 0.0, 0.0, 3.0, 0.0 ] },
                "up": { "texture": "#3", "uv": [ 11.0, 0.0, 14.0, 3.0 ] },
                "down": { "texture": "#2", "uv": [ 8.0, 3.0, 11.0, 6.0 ], "rotation": 270 }
            }
        }
    ]
}