{
    "__comment": "Model generated using MrCrayfish's Model Creator (http://mrcrayfish.com/modelcreator/)",
    "textures": {
		"particle": "blocks/crops/under_leafs",
        "0": "blocks/crops/stalk_potato",
        "1": "blocks/crops/leafs_top",
        "2": "blocks/crops/leafs_bottom",
        "3": "blocks/crops/under_leafs"
    },
    "elements": [
        {
            "name": "stalk",
            "from": [ 7.500000007450581, -1.0, 6.0 ], 
            "to": [ 7.500000007450581, 2.19999997317791, 10.0 ], 
            "rotation": { "origin": [ 8.0, 8.0, 8.0 ], "axis": "y", "angle": 45.0 },
            "faces": {
                "east": { "texture": "#0", "uv": [ 4.0, 0.0, 12.0, 10.0 ] },
                "west": { "texture": "#0", "uv": [ 4.0, 0.0, 12.0, 10.0 ] }
            }
        },
        {
            "name": "stalk",
            "from": [ 8.49999999254942, -1.0, 6.0 ], 
            "to": [ 8.49999999254942, 1.7999999970197678, 10.0 ], 
            "rotation": { "origin": [ 8.0, 8.0, 8.0 ], "axis": "y", "angle": 45.0 },
            "faces": {
                "east": { "texture": "#0", "uv": [ 4.0, 0.0, 12.0, 10.0 ] },
                "west": { "texture": "#0", "uv": [ 4.0, 0.0, 12.0, 10.0 ] }
            }
        },
        {
            "name": "stalk",
            "from": [ 6.0, -1.0, 7.500000007450581 ], 
            "to": [ 10.0, 1.6999999955296516, 7.500000007450581 ], 
            "rotation": { "origin": [ 8.0, 8.0, 8.0 ], "axis": "y", "angle": 45.0 },
            "faces": {
                "north": { "texture": "#0", "uv": [ 4.0, 0.0, 12.0, 9.0 ] },
                "south": { "texture": "#0", "uv": [ 4.0, 0.0, 12.0, 9.0 ] }
            }
        },
        {
            "name": "stalk",
            "from": [ 6.0, -1.0, 8.49999999254942 ], 
            "to": [ 10.0, 2.100000001490116, 8.49999999254942 ], 
            "rotation": { "origin": [ 8.0, 8.0, 8.0 ], "axis": "y", "angle": 45.0 },
            "faces": {
                "north": { "texture": "#0", "uv": [ 4.0, 0.0, 12.0, 9.0 ] },
                "south": { "texture": "#0", "uv": [ 4.0, 0.0, 12.0, 8.0 ] }
            }
        },
        {
            "name": "Leaf1",
            "from": [ 9.69999998062849, 2.299999989569187, 8.0 ], 
            "to": [ 11.69999998062849, 2.299999989569187, 10.0 ], 
            "rotation": { "origin": [ 8.0, 6.0, 8.0 ], "axis": "z", "angle": -22.5 },
            "faces": {
                "north": { "texture": "#-1", "uv": [ 0.0, 0.0, 2.0, 0.0 ] },
                "east": { "texture": "#-1", "uv": [ 0.0, 0.0, 2.0, 0.0 ] },
                "south": { "texture": "#-1", "uv": [ 0.0, 0.0, 2.0, 0.0 ] },
                "west": { "texture": "#-1", "uv": [ 0.0, 0.0, 2.0, 0.0 ] },
                "up": { "texture": "#1", "uv": [ 7.0, 7.0, 9.0, 9.0 ] },
                "down": { "texture": "#2", "uv": [ 8.0, 8.0, 10.0, 10.0 ], "rotation": 180 }
            }
        },
        {
            "name": "Leaf2",
            "from": [ 6.000000014901161, 2.700000010430813, 9.50000000745058 ], 
            "to": [ 8.000000014901161, 2.700000010430813, 12.50000000745058 ], 
            "rotation": { "origin": [ 8.0, 6.0, 8.0 ], "axis": "x", "angle": 22.5 },
            "faces": {
                "north": { "texture": "#-1", "uv": [ 0.0, 0.0, 2.0, 0.0 ] },
                "east": { "texture": "#-1", "uv": [ 0.0, 0.0, 3.0, 0.0 ] },
                "south": { "texture": "#-1", "uv": [ 0.0, 0.0, 2.0, 0.0 ] },
                "west": { "texture": "#-1", "uv": [ 0.0, 0.0, 3.0, 0.0 ] },
                "up": { "texture": "#1", "uv": [ 4.0, 13.0, 6.0, 16.0 ] },
                "down": { "texture": "#2", "uv": [ 0.0, 8.0, 2.0, 11.0 ], "rotation": 180 }
            }
        },
        {
            "name": "Leaf3",
            "from": [ 4.0, 1.5999999791383743, 5.0 ], 
            "to": [ 7.0, 1.5999999791383743, 8.0 ], 
            "rotation": { "origin": [ 8.0, 5.0, 8.0 ], "axis": "z", "angle": 22.5 },
            "faces": {
                "north": { "texture": "#-1", "uv": [ 0.0, 0.0, 3.0, 0.0 ] },
                "east": { "texture": "#-1", "uv": [ 0.0, 0.0, 3.0, 0.0 ] },
                "south": { "texture": "#-1", "uv": [ 0.0, 0.0, 3.0, 0.0 ] },
                "west": { "texture": "#-1", "uv": [ 0.0, 0.0, 3.0, 0.0 ] },
                "up": { "texture": "#1", "uv": [ 0.0, 1.0, 3.0, 4.0 ] },
                "down": { "texture": "#2", "uv": [ 0.0, 1.0, 3.0, 4.0 ], "rotation": 180 }
            }
        },
        {
            "name": "Leaf4",
            "from": [ 7.999999985098839, 2.299999974668026, 4.500000007450581 ], 
            "to": [ 9.999999985098839, 2.299999974668026, 7.500000007450581 ], 
            "rotation": { "origin": [ 8.0, 5.0, 8.0 ], "axis": "x", "angle": -22.5 },
            "faces": {
                "north": { "texture": "#-1", "uv": [ 0.0, 0.0, 2.0, 0.0 ] },
                "east": { "texture": "#-1", "uv": [ 0.0, 0.0, 3.0, 0.0 ] },
                "south": { "texture": "#-1", "uv": [ 0.0, 0.0, 2.0, 0.0 ] },
                "west": { "texture": "#-1", "uv": [ 0.0, 0.0, 3.0, 0.0 ] },
                "up": { "texture": "#1", "uv": [ 8.0, 0.0, 10.0, 3.0 ] },
                "down": { "texture": "#2", "uv": [ 8.0, 0.0, 10.0, 3.0 ], "rotation": 180 }
            }
        },
        {
            "name": "tinyLeaf4",
            "from": [ 9.600000008940697, 0.3999999910593033, 7.200000017881393 ], 
            "to": [ 10.600000008940697, 0.3999999910593033, 8.200000017881393 ], 
            "rotation": { "origin": [ 8.0, 4.0, 8.0 ], "axis": "z", "angle": -22.5 },
            "faces": {
                "north": { "texture": "#-1", "uv": [ 0.0, 0.0, 1.0, 0.0 ] },
                "east": { "texture": "#-1", "uv": [ 0.0, 0.0, 1.0, 0.0 ] },
                "south": { "texture": "#-1", "uv": [ 0.0, 0.0, 1.0, 0.0 ] },
                "west": { "texture": "#-1", "uv": [ 0.0, 0.0, 1.0, 0.0 ] },
                "up": { "texture": "#3", "uv": [ 8.0, 6.0, 9.0, 7.0 ] },
                "down": { "texture": "#2", "uv": [ 8.0, 3.0, 9.0, 4.0 ], "rotation": 270 }
            }
        }
    ]
}