{
    "__comment": "Model generated using MrCrayfish's Model Creator (http://mrcrayfish.com/modelcreator/)",
    "textures": {
		"particle": "blocks/crops/stalk_potato",
        "0": "blocks/crops/stalk_potato",
        "1": "blocks/crops/leafs_top",
        "2": "blocks/crops/leafs_bottom"
    },
    "elements": [
        {
            "name": "stalk",
            "from": [ 7.500000007450581, -1.0, 6.0 ], 
            "to": [ 7.500000007450581, 0.4999999776482582, 10.0 ], 
            "rotation": { "origin": [ 8.0, 8.0, 8.0 ], "axis": "y", "angle": 45.0 },
            "faces": {
                "east": { "texture": "#0", "uv": [ 4.0, 0.0, 12.0, 4.0 ] },
                "west": { "texture": "#0", "uv": [ 4.0, 0.0, 12.0, 4.0 ] }
            }
        },
        {
            "name": "stalk",
            "from": [ 8.49999999254942, -1.0, 6.0 ], 
            "to": [ 8.49999999254942, 0.0, 10.0 ], 
            "rotation": { "origin": [ 8.0, 8.0, 8.0 ], "axis": "y", "angle": 45.0 },
            "faces": {
                "east": { "texture": "#0", "uv": [ 4.0, 0.0, 12.0, 4.0 ] },
                "west": { "texture": "#0", "uv": [ 4.0, 0.0, 12.0, 4.0 ] }
            }
        },
        {
            "name": "stalk",
            "from": [ 6.0, -1.0, 7.500000007450581 ], 
            "to": [ 10.0, 0.4000000059604645, 7.500000007450581 ], 
            "rotation": { "origin": [ 8.0, 8.0, 8.0 ], "axis": "y", "angle": 45.0 },
            "faces": {
                "north": { "texture": "#0", "uv": [ 4.0, 0.0, 12.0, 3.0 ] },
                "south": { "texture": "#0", "uv": [ 4.0, 0.0, 12.0, 3.0 ] }
            }
        },
        {
            "name": "stalk",
            "from": [ 6.0, -1.0, 8.49999999254942 ], 
            "to": [ 10.0, 0.30000000447034836, 8.49999999254942 ], 
            "rotation": { "origin": [ 8.0, 8.0, 8.0 ], "axis": "y", "angle": 45.0 },
            "faces": {
                "north": { "texture": "#0", "uv": [ 4.0, 0.0, 12.0, 3.0 ] },
                "south": { "texture": "#0", "uv": [ 4.0, 0.0, 12.0, 3.0 ] }
            }
        },
        {
            "name": "Leaf1",
            "from": [ 10.199999958276749, 0.7999999821186066, 8.0 ], 
            "to": [ 11.199999958276749, 0.7999999821186066, 9.0 ], 
            "rotation": { "origin": [ 8.0, 6.0, 8.0 ], "axis": "z", "angle": -22.5 },
            "faces": {
                "north": { "texture": "#-1", "uv": [ 0.0, 0.0, 1.0, 0.0 ] },
                "east": { "texture": "#-1", "uv": [ 0.0, 0.0, 1.0, 0.0 ] },
                "south": { "texture": "#-1", "uv": [ 0.0, 0.0, 1.0, 0.0 ] },
                "west": { "texture": "#-1", "uv": [ 0.0, 0.0, 1.0, 0.0 ] },
                "up": { "texture": "#1", "uv": [ 8.0, 7.0, 9.0, 8.0 ] },
                "down": { "texture": "#2", "uv": [ 8.0, 8.0, 9.0, 9.0 ], "rotation": 180 }
            }
        },
        {
            "name": "Leaf2",
            "from": [ 7.000000014901161, 1.0, 10.200000002980232 ], 
            "to": [ 8.000000014901161, 1.0, 12.200000002980232 ], 
            "rotation": { "origin": [ 8.0, 6.0, 8.0 ], "axis": "x", "angle": 22.5 },
            "faces": {
                "north": { "texture": "#-1", "uv": [ 0.0, 0.0, 1.0, 0.0 ] },
                "east": { "texture": "#-1", "uv": [ 0.0, 0.0, 2.0, 0.0 ] },
                "south": { "texture": "#-1", "uv": [ 0.0, 0.0, 1.0, 0.0 ] },
                "west": { "texture": "#-1", "uv": [ 0.0, 0.0, 2.0, 0.0 ] },
                "up": { "texture": "#1", "uv": [ 4.0, 13.0, 5.0, 15.0 ] },
                "down": { "texture": "#2", "uv": [ 0.0, 8.0, 1.0, 10.0 ], "rotation": 180 }
            }
        },
        {
            "name": "Leaf3",
            "from": [ 4.900000013411045, 0.5999999791383743, 6.200000002980232 ], 
            "to": [ 5.900000013411045, 0.5999999791383743, 8.200000002980232 ], 
            "rotation": { "origin": [ 8.0, 5.0, 8.0 ], "axis": "z", "angle": 22.5 },
            "faces": {
                "north": { "texture": "#-1", "uv": [ 0.0, 0.0, 1.0, 0.0 ] },
                "east": { "texture": "#-1", "uv": [ 0.0, 0.0, 2.0, 0.0 ] },
                "south": { "texture": "#-1", "uv": [ 0.0, 0.0, 1.0, 0.0 ] },
                "west": { "texture": "#-1", "uv": [ 0.0, 0.0, 2.0, 0.0 ] },
                "up": { "texture": "#1", "uv": [ 1.0, 1.0, 2.0, 3.0 ] },
                "down": { "texture": "#2", "uv": [ 0.0, 1.0, 1.0, 3.0 ], "rotation": 180 }
            }
        },
        {
            "name": "Leaf4",
            "from": [ 7.799999982118607, 0.7999999672174454, 4.300000004470348 ], 
            "to": [ 8.799999982118607, 0.7999999672174454, 6.300000004470348 ], 
            "rotation": { "origin": [ 8.0, 5.0, 8.0 ], "axis": "x", "angle": -22.5 },
            "faces": {
                "north": { "texture": "#-1", "uv": [ 0.0, 0.0, 1.0, 0.0 ] },
                "east": { "texture": "#-1", "uv": [ 0.0, 0.0, 2.0, 0.0 ] },
                "south": { "texture": "#-1", "uv": [ 0.0, 0.0, 1.0, 0.0 ] },
                "west": { "texture": "#-1", "uv": [ 0.0, 0.0, 2.0, 0.0 ] },
                "up": { "texture": "#1", "uv": [ 8.0, 0.0, 9.0, 2.0 ] },
                "down": { "texture": "#2", "uv": [ 8.0, 0.0, 9.0, 2.0 ], "rotation": 180 }
            }
        }
    ]
}